question_no,question_type,question_text,options,answer,remote_ques_id,mcq_url,written_url,source_name,scraped_at
1,mcq,কেস ম্যানেজমেন্ট প্রক্রিয়ার মূল কাজ হলো- i. সাহায্যার্থীর সক্ষমতা বাড়ানো ii. বিদ্যমান ব্যবস্থায় সুযোগ সৃষ্টি করা iii. পরিবেশের সাথে খাপ খাইয়ে চলতে সাহায্য করা নিচের কোনটি সঠিক?,"{""options"": [{""index"": 1, ""text"": ""i ও ii"", ""images"": []}, {""index"": 2, ""text"": ""i ও iii"", ""images"": []}, {""index"": 3, ""text"": ""ii ও iii"", ""images"": []}, {""index"": 4, ""text"": ""i, ii ও iii"", ""images"": []}], ""images"": [], ""community_votes"": {}}",4,671001,https://sattacademy.com/board-exams/social-work-2nd-paper-hsc-combined-boardall-2026/mcq,https://sattacademy.com/board-exams/social-work-2nd-paper-hsc-combined-boardall-2026/written,sattacademy,2026-09-15T18:38:13+00:00
2,mcq,সমাজকর্ম শিক্ষায় মাঠকর্মের বিভাগীয় তত্ত্বাবধায়ক কে?,"{""options"": [{""index"": 1, ""text"": ""বিভাগের সংশ্লিষ্ট শিক্ষক"", ""images"": []}, {""index"": 2, ""text"": ""শিক্ষা প্রতিষ্ঠানের প্রধান"", ""images"": []}, {""index"": 3, ""text"": ""বিভাগীয় প্রধান"", ""images"": []}, {""index"": 4, ""text"": ""মাঠকর্ম প্রতিষ্ঠানের প্রধান"", ""images"": []}], ""images"": [], ""community_votes"": {}}",1,671002,https://sattacademy.com/board-exams/social-work-2nd-paper-hsc-combined-boardall-2026/mcq,https://sattacademy.com/board-exams/social-work-2nd-paper-hsc-combined-boardall-2026/written,sattacademy,2026-09-15T18:38:13+00:00
3,mcq,নিচের কোনটি সামাজিক সমস্যা?,"{""options"": [{""index"": 1, ""text"": ""ভূমিকম্প"", ""images"": []}, {""index"": 2, ""text"": ""এইডস"", ""images"": []}, {""index"": 3, ""text"": ""এইডস"", ""images"": []}, {""index"": 4, ""text"": ""ঘূর্ণিঝড়"", ""images"": []}], ""images"": [], ""community_votes"": {}}",2,671003,https://sattacademy.com/board-exams/social-work-2nd-paper-hsc-combined-boardall-2026/mcq,https://sattacademy.com/board-exams/social-work-2nd-paper-hsc-combined-boardall-2026/written,sattacademy,2026-09-15T18:38:13+00:00
4,mcq,নিচের কোনটি সামাজিক সমস্যার বৈশিষ্ট্য?,"{""options"": [{""index"": 1, ""text"": ""সমাজ থেকে উদ্ভূত এবং অপরিমেয়"", ""images"": []}, {""index"": 2, ""text"": ""পরিবর্তনশীল এবং অসমাধানযোগ্য"", ""images"": []}, {""index"": 3, ""text"": ""মূল্যবোধ পরিপন্থি ও ইতিবাচক প্রভাব"", ""images"": []}, {""index"": 4, ""text"": ""সমাজের জন্য ক্ষতিকর এবং পরিত্রাণ প্রত্যাশা"", ""images"": []}], ""images"": [], ""community_votes"": {}}",4,671004,https://sattacademy.com/board-exams/social-work-2nd-paper-hsc-combined-boardall-2026/mcq,https://sattacademy.com/board-exams/social-work-2nd-paper-hsc-combined-boardall-2026/written,sattacademy,2026-09-15T18:38:13+00:00
5,mcq,কোন সালে যৌতুক নিরোধ আইন পাশ হয়?,"{""options"": [{""index"": 1, ""text"": ""১৯৬১"", ""images"": []}, {""index"": 2, ""text"": ""১৯৭৪"", ""images"": []}, {""index"": 3, ""text"": ""১৯৮০"", ""images"": []}, {""index"": 4, ""text"": ""১৯৮৩"", ""images"": []}], ""images"": [], ""community_votes"": {}}",3,671005,https://sattacademy.com/board-exams/social-work-2nd-paper-hsc-combined-boardall-2026/mcq,https://sattacademy.com/board-exams/social-work-2nd-paper-hsc-combined-boardall-2026/written,sattacademy,2026-09-15T18:38:13+00:00
6,mcq,গ্রামীণ ব্যাংকের প্রতিষ্ঠাতা কে?,"{""options"": [{""index"": 1, ""text"": ""ড. মুহাম্মদ ইউনূস"", ""images"": []}, {""index"": 2, ""text"": ""স্যার ফজলে হাসান আবেদ"", ""images"": []}, {""index"": 3, ""text"": ""ড. আক্তার হামিদ খান"", ""images"": []}, {""index"": 4, ""text"": ""ডা. একেএম আবদুল ওয়াহেদ"", ""images"": []}], ""images"": [], ""community_votes"": {}}",1,671006,https://sattacademy.com/board-exams/social-work-2nd-paper-hsc-combined-boardall-2026/mcq,https://sattacademy.com/board-exams/social-work-2nd-paper-hsc-combined-boardall-2026/written,sattacademy,2026-09-15T18:38:13+00:00
7,mcq,উদ্দীপক লোগোটি কোন আন্তর্জাতিক সংস্থার প্রতিনিধিত্ব করে?,"{""options"": [{""index"": 1, ""text"": ""রেড ক্রিসেন্ট সোসাইটি"", ""images"": []}, {""index"": 2, ""text"": ""ইউনিসেফ"", ""images"": []}, {""index"": 3, ""text"": ""ওয়ার্ল্ড ভিশন"", ""images"": []}, {""index"": 4, ""text"": ""সেভ দ্য চিলড্রেন"", ""images"": []}], ""images"": [""https://sattacademy.com/uploads/ckeditor/1786189656.png""], ""community_votes"": {}}",4,671007,https://sattacademy.com/board-exams/social-work-2nd-paper-hsc-combined-boardall-2026/mcq,https://sattacademy.com/board-exams/social-work-2nd-paper-hsc-combined-boardall-2026/written,sattacademy,2026-09-15T18:38:13+00:00
8,mcq,UNDP এর সদর দপ্তর কোথায়?,"{""options"": [{""index"": 1, ""text"": ""জেনেভা"", ""images"": []}, {""index"": 2, ""text"": ""ওয়াশিংটন"", ""images"": []}, {""index"": 3, ""text"": ""রোম"", ""images"": []}, {""index"": 4, ""text"": ""নিউইয়র্ক"", ""images"": []}], ""images"": [], ""community_votes"": {}}",4,671008,https://sattacademy.com/board-exams/social-work-2nd-paper-hsc-combined-boardall-2026/mcq,https://sattacademy.com/board-exams/social-work-2nd-paper-hsc-combined-boardall-2026/written,sattacademy,2026-09-15T18:38:13+00:00
9,mcq,অপুষ্টি মূলত কোন মৌলিক মানবিক চাহিদার অপূরণজনিত সমস্যা?,"{""options"": [{""index"": 1, ""text"": ""খাদ্য"", ""images"": []}, {""index"": 2, ""text"": ""চিকিৎসা"", ""images"": []}, {""index"": 3, ""text"": ""শিক্ষা"", ""images"": []}, {""index"": 4, ""text"": ""বিনোদন"", ""images"": []}], ""images"": [], ""community_votes"": {}}",1,671009,https://sattacademy.com/board-exams/social-work-2nd-paper-hsc-combined-boardall-2026/mcq,https://sattacademy.com/board-exams/social-work-2nd-paper-hsc-combined-boardall-2026/written,sattacademy,2026-09-15T18:38:13+00:00
10,mcq,উদ্দীপক কাঠামো কোন সামাজিক প্রতিষ্ঠানকে প্রকাশ করে?,"{""options"": [{""index"": 1, ""text"": ""সংস্থা"", ""images"": []}, {""index"": 2, ""text"": ""প্রযুক্তি"", ""images"": []}, {""index"": 3, ""text"": ""গণমাধ্যম"", ""images"": []}, {""index"": 4, ""text"": ""পুলিশ"", ""images"": []}], ""images"": [""https://sattacademy.com/uploads/ckeditor/1786190147.png""], ""community_votes"": {}}",3,671010,https://sattacademy.com/board-exams/social-work-2nd-paper-hsc-combined-boardall-2026/mcq,https://sattacademy.com/board-exams/social-work-2nd-paper-hsc-combined-boardall-2026/written,sattacademy,2026-09-15T18:38:13+00:00
1,written,"করিম সাহেব রাতের ট্রেনে ঢাকা যাবেন, রেলস্টেশনে গিয়ে তিনি দেখেন কিছু মানুষ নোংরা-পাতলা কম্বল ও পলিথিন গায়ে দিয়ে ঘুমিয়ে আছে। দু-একজনের সাথে কথা বলে জানতে পারলেন যে, তারা নিজেদের সন্তানদের স্কুলে পাঠান না। ছেলে মেয়েদের আনন্দ দেয়ার জন্য তাদের নেই কোনো রেডিও-টেলিভিশন।","{""options"": [], ""images"": [], ""marker"": ""১"", ""li_text"": ""(১) করিম সাহেব রাতের ট্রেনে ঢাকা যাবেন, রেলস্টেশনে গিয়ে তিনি দেখেন কিছু মানুষ নোংরা-পাতলা কম্বল ও পলিথিন গায়ে দিয়ে ঘুমিয়ে আছে। দু-একজনের সাথে কথা বলে জানতে পারলেন যে, তারা নিজেদের সন্তানদের স্কুলে পাঠান না। ছেলে মেয়েদের আনন্দ দেয়ার জন্য তাদের নেই কোনো রেডিও-টেলিভিশন। এইচএসসি সমাজকর্ম ২য় পত্র সমন্বিত বোর্ড (সকল) - 2026 0 27"", ""question_href"": ""https://sattacademy.com/question/%E0%A6%95%E0%A6%B0%E0%A6%BF%E0%A6%AE-%E0%A6%B8%E0%A6%BE%E0%A6%B9%E0%A7%87%E0%A6%AC-%E0%A6%B0%E0%A6%BE%E0%A6%A4%E0%A7%87%E0%A6%B0-%E0%A6%9F%E0%A7%8D%E0%A6%B0%E0%A7%87%E0%A6%A8%E0%A7%87-%E0%A6%A2%E0%A6%BE%E0%A6%95%E0%A6%BE-%E0%A6%AF%E0%A6%BE%E0%A6%AC%E0%A7%87%E0%A6%A8-%E0%A6%B0%E0%A7%87%E0%A6%B2%E0%A6%B8%E0%A7%8D%E0%A6%9F%E0%A7%87%E0%A6%B6%E0%A6%A8%E0%A7%87-%E0%A6%97%E0%A6%BF%E0%A7%9F%E0%A7%87-%E0%A6%A4%E0%A6%BF%E0%A6%A8%E0%A6%BF-%E0%A6%A6%E0%A7%87%E0%A6%96%E0%A7%87%E0%A6%A8-%E0%A6%95%E0%A6%BF%E0%A6%9B%E0%A7%81-%E0%A6%AE%E0%A6%BE%E0%A6%A8%E0%A7%81%E0%A6%B7-%E0%A6%A8%E0%A7%8B%E0%A6%82%E0%A6%B0%E0%A6%BE%E0%A6%AA%E0%A6%BE""}",,,https://sattacademy.com/board-exams/social-work-2nd-paper-hsc-combined-boardall-2026/mcq,https://sattacademy.com/board-exams/social-work-2nd-paper-hsc-combined-boardall-2026/written,sattacademy,2026-09-15T18:38:16+00:00
2,written,খাদ্য কী?,"{""options"": [], ""images"": [], ""marker"": ""ক"", ""li_text"": ""(ক) খাদ্য কী? ১ Ans"", ""question_href"": ""https://sattacademy.com/question/%E0%A6%96%E0%A6%BE%E0%A6%A6%E0%A7%8D%E0%A6%AF-%E0%A6%95%E0%A7%80-24354""}",,24354,https://sattacademy.com/board-exams/social-work-2nd-paper-hsc-combined-boardall-2026/mcq,https://sattacademy.com/board-exams/social-work-2nd-paper-hsc-combined-boardall-2026/written,sattacademy,2026-09-15T18:38:16+00:00
3,written,"“উন্নত জাতি গঠনে শিক্ষার বিকল্প নেই""-বুঝিয়ে লেখ।","{""options"": [], ""images"": [], ""marker"": ""খ"", ""li_text"": ""(খ) “উন্নত জাতি গঠনে শিক্ষার বিকল্প নেই\""-বুঝিয়ে লেখ। ২ Ans"", ""question_href"": ""https://sattacademy.com/question/%E0%A6%89%E0%A6%A8%E0%A7%8D%E0%A6%A8%E0%A6%A4-%E0%A6%9C%E0%A6%BE%E0%A6%A4%E0%A6%BF-%E0%A6%97%E0%A6%A0%E0%A6%A8%E0%A7%87-%E0%A6%B6%E0%A6%BF%E0%A6%95%E0%A7%8D%E0%A6%B7%E0%A6%BE%E0%A6%B0-%E0%A6%AC%E0%A6%BF%E0%A6%95%E0%A6%B2%E0%A7%8D%E0%A6%AA-%E0%A6%A8%E0%A7%87%E0%A6%87%E0%A6%AC%E0%A7%81%E0%A6%9D%E0%A6%BF%E0%A7%9F%E0%A7%87-%E0%A6%B2%E0%A7%87%E0%A6%96""}",,,https://sattacademy.com/board-exams/social-work-2nd-paper-hsc-combined-boardall-2026/mcq,https://sattacademy.com/board-exams/social-work-2nd-paper-hsc-combined-boardall-2026/written,sattacademy,2026-09-15T18:38:16+00:00
4,written,উদ্দীপকে রেলস্টেশনে ঘুমিয়ে থাকা মানুষদের কোন মৌল মানবিক চাহিদা পরিলক্ষিত হয়? বুঝিয়ে লেখ।,"{""options"": [], ""images"": [], ""marker"": ""গ"", ""li_text"": ""(গ) উদ্দীপকে রেলস্টেশনে ঘুমিয়ে থাকা মানুষদের কোন মৌল মানবিক চাহিদা পরিলক্ষিত হয়? বুঝিয়ে লেখ। ৩ Ans"", ""question_href"": ""https://sattacademy.com/question/%E0%A6%89%E0%A6%A6%E0%A7%8D%E0%A6%A6%E0%A7%80%E0%A6%AA%E0%A6%95%E0%A7%87-%E0%A6%B0%E0%A7%87%E0%A6%B2%E0%A6%B8%E0%A7%8D%E0%A6%9F%E0%A7%87%E0%A6%B6%E0%A6%A8%E0%A7%87-%E0%A6%98%E0%A7%81%E0%A6%AE%E0%A6%BF%E0%A7%9F%E0%A7%87-%E0%A6%A5%E0%A6%BE%E0%A6%95%E0%A6%BE-%E0%A6%AE%E0%A6%BE%E0%A6%A8%E0%A7%81%E0%A6%B7%E0%A6%A6%E0%A7%87%E0%A6%B0-%E0%A6%95%E0%A7%8B%E0%A6%A8-%E0%A6%AE%E0%A7%8C%E0%A6%B2-%E0%A6%AE%E0%A6%BE%E0%A6%A8%E0%A6%AC%E0%A6%BF%E0%A6%95-%E0%A6%9A%E0%A6%BE%E0%A6%B9%E0%A6%BF%E0%A6%A6%E0%A6%BE-%E0%A6%AA%E0%A6%B0%E0%A6%BF%E0%A6%B2%E0%A6%95%E0%A7%8D%E0%A6%B7%E0%A6%BF%E0%A6%A4-%E0%A6%B9%E0%A7%9F-%E0%A6%AC%E0%A7%81%E0%A6%9D%E0%A6%BF""}",,,https://sattacademy.com/board-exams/social-work-2nd-paper-hsc-combined-boardall-2026/mcq,https://sattacademy.com/board-exams/social-work-2nd-paper-hsc-combined-boardall-2026/written,sattacademy,2026-09-15T18:38:16+00:00
5,written,রেলস্টেশনে ঘুমিয়ে থাকা মানুষের সন্তানদের যেসকল মৌল-মানবিক চাহিদার ঘাটতি রয়েছে তা ব্যাখ্যা কর।,"{""options"": [], ""images"": [], ""marker"": ""ঘ"", ""li_text"": ""(ঘ) রেলস্টেশনে ঘুমিয়ে থাকা মানুষের সন্তানদের যেসকল মৌল-মানবিক চাহিদার ঘাটতি রয়েছে তা ব্যাখ্যা কর। ৪ Ans"", ""question_href"": ""https://sattacademy.com/question/%E0%A6%B0%E0%A7%87%E0%A6%B2%E0%A6%B8%E0%A7%8D%E0%A6%9F%E0%A7%87%E0%A6%B6%E0%A6%A8%E0%A7%87-%E0%A6%98%E0%A7%81%E0%A6%AE%E0%A6%BF%E0%A7%9F%E0%A7%87-%E0%A6%A5%E0%A6%BE%E0%A6%95%E0%A6%BE-%E0%A6%AE%E0%A6%BE%E0%A6%A8%E0%A7%81%E0%A6%B7%E0%A7%87%E0%A6%B0-%E0%A6%B8%E0%A6%A8%E0%A7%8D%E0%A6%A4%E0%A6%BE%E0%A6%A8%E0%A6%A6%E0%A7%87%E0%A6%B0-%E0%A6%AF%E0%A7%87%E0%A6%B8%E0%A6%95%E0%A6%B2-%E0%A6%AE%E0%A7%8C%E0%A6%B2%E0%A6%AE%E0%A6%BE%E0%A6%A8%E0%A6%AC%E0%A6%BF%E0%A6%95-%E0%A6%9A%E0%A6%BE%E0%A6%B9%E0%A6%BF%E0%A6%A6%E0%A6%BE%E0%A6%B0-%E0%A6%98%E0%A6%BE%E0%A6%9F%E0%A6%A4%E0%A6%BF-%E0%A6%B0%E0%A7%9F%E0%A7%87%E0%A6%9B%E0%A7%87-%E0%A6%A4%E0%A6%BE-""}",,,https://sattacademy.com/board-exams/social-work-2nd-paper-hsc-combined-boardall-2026/mcq,https://sattacademy.com/board-exams/social-work-2nd-paper-hsc-combined-boardall-2026/written,sattacademy,2026-09-15T18:38:16+00:00
6,written,"বন উজারকরণ, ইটের ভাটা, গ্রিন হাউজ গ্যাস প্রভৃতি কারণে পৃথিবীর বিভিন্ন স্থানে বন্যা, খড়া, অতিবৃষ্টি, ঘূর্ণিঝড় ইত্যাদি প্রাকৃতিক দুর্যোগ লেগেই আছে। অপরদিকে স্বাস্থ্য সেবা নিতে গিয়ে মানুষ একাধিক ব্যক্তির ব্যবহৃত সুঁচ, সিরিঞ্জ ব্যবহার করে অপরিক্ষিত রক্ত গ্রহণ করছে, যা একটি মারাত্মক সামাজিক সমস্যার বিস্তার ঘটাচ্ছে।","{""options"": [], ""images"": [], ""marker"": ""২"", ""li_text"": ""(২) বন উজারকরণ, ইটের ভাটা, গ্রিন হাউজ গ্যাস প্রভৃতি কারণে পৃথিবীর বিভিন্ন স্থানে বন্যা, খড়া, অতিবৃষ্টি, ঘূর্ণিঝড় ইত্যাদি প্রাকৃতিক দুর্যোগ লেগেই আছে। অপরদিকে স্বাস্থ্য সেবা নিতে গিয়ে মানুষ একাধিক ব্যক্তির ব্যবহৃত সুঁচ, সিরিঞ্জ ব্যবহার করে অপরিক্ষিত রক্ত গ্রহণ করছে, যা একটি মারাত্মক সামাজিক সমস্যার বিস্তার ঘটাচ্ছে। এইচএসসি সমাজকর্ম ২য় পত্র সমন্বিত বোর্ড (সকল) - 2026 0 27"", ""question_href"": ""https://sattacademy.com/question/%E0%A6%AC%E0%A6%A8-%E0%A6%89%E0%A6%9C%E0%A6%BE%E0%A6%B0%E0%A6%95%E0%A6%B0%E0%A6%A3-%E0%A6%87%E0%A6%9F%E0%A7%87%E0%A6%B0-%E0%A6%AD%E0%A6%BE%E0%A6%9F%E0%A6%BE-%E0%A6%97%E0%A7%8D%E0%A6%B0%E0%A6%BF%E0%A6%A8-%E0%A6%B9%E0%A6%BE%E0%A6%89%E0%A6%9C-%E0%A6%97%E0%A7%8D%E0%A6%AF%E0%A6%BE%E0%A6%B8-%E0%A6%AA%E0%A7%8D%E0%A6%B0%E0%A6%AD%E0%A7%83%E0%A6%A4%E0%A6%BF-%E0%A6%95%E0%A6%BE%E0%A6%B0%E0%A6%A3%E0%A7%87-%E0%A6%AA%E0%A7%83%E0%A6%A5%E0%A6%BF%E0%A6%AC%E0%A7%80%E0%A6%B0-%E0%A6%AC%E0%A6%BF%E0%A6%AD%E0%A6%BF%E0%A6%A8%E0%A7%8D%E0%A6%A8-%E0%A6%B8%E0%A7%8D%E0%A6%A5%E0%A6%BE%E0%A6%A8%E0%A7%87-%E0%A6%AC%E0%A6%A8%E0%A7%8D%E0%A6%AF%E0%A6%BE""}",,,https://sattacademy.com/board-exams/social-work-2nd-paper-hsc-combined-boardall-2026/mcq,https://sattacademy.com/board-exams/social-work-2nd-paper-hsc-combined-boardall-2026/written,sattacademy,2026-09-15T18:38:16+00:00
7,written,অটিজম কী?,"{""options"": [], ""images"": [], ""marker"": ""ক"", ""li_text"": ""(ক) অটিজম কী? ১ Ans"", ""question_href"": ""https://sattacademy.com/question/%E0%A6%85%E0%A6%9F%E0%A6%BF%E0%A6%9C%E0%A6%AE-%E0%A6%95%E0%A7%80-88300""}",,88300,https://sattacademy.com/board-exams/social-work-2nd-paper-hsc-combined-boardall-2026/mcq,https://sattacademy.com/board-exams/social-work-2nd-paper-hsc-combined-boardall-2026/written,sattacademy,2026-09-15T18:38:16+00:00
8,written,একটি সামাজিক সমস্যা আরেকটি সামাজিক সমস্যার কারণ। বুঝিয়ে লেখ।,"{""options"": [], ""images"": [], ""marker"": ""খ"", ""li_text"": ""(খ) একটি সামাজিক সমস্যা আরেকটি সামাজিক সমস্যার কারণ। বুঝিয়ে লেখ। ২ Ans"", ""question_href"": ""https://sattacademy.com/question/%E0%A6%8F%E0%A6%95%E0%A6%9F%E0%A6%BF-%E0%A6%B8%E0%A6%BE%E0%A6%AE%E0%A6%BE%E0%A6%9C%E0%A6%BF%E0%A6%95-%E0%A6%B8%E0%A6%AE%E0%A6%B8%E0%A7%8D%E0%A6%AF%E0%A6%BE-%E0%A6%86%E0%A6%B0%E0%A7%87%E0%A6%95%E0%A6%9F%E0%A6%BF-%E0%A6%B8%E0%A6%BE%E0%A6%AE%E0%A6%BE%E0%A6%9C%E0%A6%BF%E0%A6%95-%E0%A6%B8%E0%A6%AE%E0%A6%B8%E0%A7%8D%E0%A6%AF%E0%A6%BE%E0%A6%B0-%E0%A6%95%E0%A6%BE%E0%A6%B0%E0%A6%A3-%E0%A6%AC%E0%A7%81%E0%A6%9D%E0%A6%BF%E0%A7%9F%E0%A7%87-%E0%A6%B2%E0%A7%87%E0%A6%96""}",,,https://sattacademy.com/board-exams/social-work-2nd-paper-hsc-combined-boardall-2026/mcq,https://sattacademy.com/board-exams/social-work-2nd-paper-hsc-combined-boardall-2026/written,sattacademy,2026-09-15T18:38:16+00:00
9,written,উদ্দীপকে কোন সামাজিক সমস্যাকে ইঙ্গিত করা হয়েছে? ব্যাখ্যা কর।,"{""options"": [], ""images"": [], ""marker"": ""গ"", ""li_text"": ""(গ) উদ্দীপকে কোন সামাজিক সমস্যাকে ইঙ্গিত করা হয়েছে? ব্যাখ্যা কর। ৩ Ans"", ""question_href"": ""https://sattacademy.com/question/%E0%A6%89%E0%A6%A6%E0%A7%8D%E0%A6%A6%E0%A7%80%E0%A6%AA%E0%A6%95%E0%A7%87-%E0%A6%95%E0%A7%8B%E0%A6%A8-%E0%A6%B8%E0%A6%BE%E0%A6%AE%E0%A6%BE%E0%A6%9C%E0%A6%BF%E0%A6%95-%E0%A6%B8%E0%A6%AE%E0%A6%B8%E0%A7%8D%E0%A6%AF%E0%A6%BE%E0%A6%95%E0%A7%87-%E0%A6%87%E0%A6%99%E0%A7%8D%E0%A6%97%E0%A6%BF%E0%A6%A4-%E0%A6%95%E0%A6%B0%E0%A6%BE-%E0%A6%B9%E0%A7%9F%E0%A7%87%E0%A6%9B%E0%A7%87-%E0%A6%AC%E0%A7%8D%E0%A6%AF%E0%A6%BE%E0%A6%96%E0%A7%8D%E0%A6%AF%E0%A6%BE-%E0%A6%95%E0%A6%B0""}",,,https://sattacademy.com/board-exams/social-work-2nd-paper-hsc-combined-boardall-2026/mcq,https://sattacademy.com/board-exams/social-work-2nd-paper-hsc-combined-boardall-2026/written,sattacademy,2026-09-15T18:38:16+00:00
10,written,উদ্দীপকে যে সামাজিক সমস্যার বিস্তারের কথা বলা হয়েছে তা চিহ্নিত করে এটি প্রতিরোধে সমাজকর্মীর ভূমিকা মূল্যায়ন কর।,"{""options"": [], ""images"": [], ""marker"": ""ঘ"", ""li_text"": ""(ঘ) উদ্দীপকে যে সামাজিক সমস্যার বিস্তারের কথা বলা হয়েছে তা চিহ্নিত করে এটি প্রতিরোধে সমাজকর্মীর ভূমিকা মূল্যায়ন কর। ৪ Ans"", ""question_href"": ""https://sattacademy.com/question/%E0%A6%89%E0%A6%A6%E0%A7%8D%E0%A6%A6%E0%A7%80%E0%A6%AA%E0%A6%95%E0%A7%87-%E0%A6%AF%E0%A7%87-%E0%A6%B8%E0%A6%BE%E0%A6%AE%E0%A6%BE%E0%A6%9C%E0%A6%BF%E0%A6%95-%E0%A6%B8%E0%A6%AE%E0%A6%B8%E0%A7%8D%E0%A6%AF%E0%A6%BE%E0%A6%B0-%E0%A6%AC%E0%A6%BF%E0%A6%B8%E0%A7%8D%E0%A6%A4%E0%A6%BE%E0%A6%B0%E0%A7%87%E0%A6%B0-%E0%A6%95%E0%A6%A5%E0%A6%BE-%E0%A6%AC%E0%A6%B2%E0%A6%BE-%E0%A6%B9%E0%A7%9F%E0%A7%87%E0%A6%9B%E0%A7%87-%E0%A6%A4%E0%A6%BE-%E0%A6%9A%E0%A6%BF%E0%A6%B9%E0%A7%8D%E0%A6%A8%E0%A6%BF%E0%A6%A4-%E0%A6%95%E0%A6%B0%E0%A7%87-%E0%A6%8F%E0%A6%9F%E0%A6%BF-%E0%A6%AA%E0%A7%8D%E0%A6%B0%E0%A6%A4%E0%A6%BF%E0%A6%B0%E0%A7%8B%E0%A6%A7%E0%A7%87""}",,,https://sattacademy.com/board-exams/social-work-2nd-paper-hsc-combined-boardall-2026/mcq,https://sattacademy.com/board-exams/social-work-2nd-paper-hsc-combined-boardall-2026/written,sattacademy,2026-09-15T18:38:16+00:00
11,written,গ্রাম থেকে আসা রোগীরা হাসপাতালে ভর্তির নিয়ম-কানুন এবং পরিবেশ সম্পর্কে না জানার কারণে তারা বিভিন্ন হয়রানির শিকার হয়। 'X' নামক একটি প্রতিষ্ঠান ৬০ ঊর্ধ্ব মানুষদের জন্য পরামর্শ সেবা এবং নার্সিং হোম স্থাপন করে।,"{""options"": [], ""images"": [], ""marker"": ""৩"", ""li_text"": ""(৩) গ্রাম থেকে আসা রোগীরা হাসপাতালে ভর্তির নিয়ম-কানুন এবং পরিবেশ সম্পর্কে না জানার কারণে তারা বিভিন্ন হয়রানির শিকার হয়। 'X' নামক একটি প্রতিষ্ঠান ৬০ ঊর্ধ্ব মানুষদের জন্য পরামর্শ সেবা এবং নার্সিং হোম স্থাপন করে। এইচএসসি সমাজকর্ম ২য় পত্র সমন্বিত বোর্ড (সকল) - 2026 0 21"", ""question_href"": ""https://sattacademy.com/question/%E0%A6%97%E0%A7%8D%E0%A6%B0%E0%A6%BE%E0%A6%AE-%E0%A6%A5%E0%A7%87%E0%A6%95%E0%A7%87-%E0%A6%86%E0%A6%B8%E0%A6%BE-%E0%A6%B0%E0%A7%8B%E0%A6%97%E0%A7%80%E0%A6%B0%E0%A6%BE-%E0%A6%B9%E0%A6%BE%E0%A6%B8%E0%A6%AA%E0%A6%BE%E0%A6%A4%E0%A6%BE%E0%A6%B2%E0%A7%87-%E0%A6%AD%E0%A6%B0%E0%A7%8D%E0%A6%A4%E0%A6%BF%E0%A6%B0-%E0%A6%A8%E0%A6%BF%E0%A7%9F%E0%A6%AE%E0%A6%95%E0%A6%BE%E0%A6%A8%E0%A7%81%E0%A6%A8-%E0%A6%8F%E0%A6%AC%E0%A6%82-%E0%A6%AA%E0%A6%B0%E0%A6%BF%E0%A6%AC%E0%A7%87%E0%A6%B6-%E0%A6%B8%E0%A6%AE%E0%A7%8D%E0%A6%AA%E0%A6%B0%E0%A7%8D%E0%A6%95%E0%A7%87-%E0%A6%A8%E0%A6%BE-%E0%A6%9C%E0%A6%BE%E0%A6%A8%E0%A6%BE%E0%A6%B0-%E0%A6%95%E0%A6%BE""}",,,https://sattacademy.com/board-exams/social-work-2nd-paper-hsc-combined-boardall-2026/mcq,https://sattacademy.com/board-exams/social-work-2nd-paper-hsc-combined-boardall-2026/written,sattacademy,2026-09-15T18:38:16+00:00
12,written,ক্লিনিক্যাল সমাজকর্ম কী?,"{""options"": [], ""images"": [], ""marker"": ""ক"", ""li_text"": ""(ক) ক্লিনিক্যাল সমাজকর্ম কী? ১ Ans"", ""question_href"": ""https://sattacademy.com/question/%E0%A6%95%E0%A7%8D%E0%A6%B2%E0%A6%BF%E0%A6%A8%E0%A6%BF%E0%A6%95%E0%A7%8D%E0%A6%AF%E0%A6%BE%E0%A6%B2-%E0%A6%B8%E0%A6%AE%E0%A6%BE%E0%A6%9C%E0%A6%95%E0%A6%B0%E0%A7%8D%E0%A6%AE-%E0%A6%95%E0%A7%80-35299""}",,35299,https://sattacademy.com/board-exams/social-work-2nd-paper-hsc-combined-boardall-2026/mcq,https://sattacademy.com/board-exams/social-work-2nd-paper-hsc-combined-boardall-2026/written,sattacademy,2026-09-15T18:38:16+00:00
13,written,"“শিল্প সমাজকর্মী মালিক-শ্রমিকের সম্পর্কের মধ্যস্থতাকারী""-বুঝিয়ে লেখ।","{""options"": [], ""images"": [], ""marker"": ""খ"", ""li_text"": ""(খ) “শিল্প সমাজকর্মী মালিক-শ্রমিকের সম্পর্কের মধ্যস্থতাকারী\""-বুঝিয়ে লেখ। ২ Ans"", ""question_href"": ""https://sattacademy.com/question/%E0%A6%B6%E0%A6%BF%E0%A6%B2%E0%A7%8D%E0%A6%AA-%E0%A6%B8%E0%A6%AE%E0%A6%BE%E0%A6%9C%E0%A6%95%E0%A6%B0%E0%A7%8D%E0%A6%AE%E0%A7%80-%E0%A6%AE%E0%A6%BE%E0%A6%B2%E0%A6%BF%E0%A6%95%E0%A6%B6%E0%A7%8D%E0%A6%B0%E0%A6%AE%E0%A6%BF%E0%A6%95%E0%A7%87%E0%A6%B0-%E0%A6%B8%E0%A6%AE%E0%A7%8D%E0%A6%AA%E0%A6%B0%E0%A7%8D%E0%A6%95%E0%A7%87%E0%A6%B0-%E0%A6%AE%E0%A6%A7%E0%A7%8D%E0%A6%AF%E0%A6%B8%E0%A7%8D%E0%A6%A5%E0%A6%A4%E0%A6%BE%E0%A6%95%E0%A6%BE%E0%A6%B0%E0%A7%80%E0%A6%AC%E0%A7%81%E0%A6%9D%E0%A6%BF%E0%A7%9F%E0%A7%87-%E0%A6%B2%E0%A7%87%E0%A6%96""}",,,https://sattacademy.com/board-exams/social-work-2nd-paper-hsc-combined-boardall-2026/mcq,https://sattacademy.com/board-exams/social-work-2nd-paper-hsc-combined-boardall-2026/written,sattacademy,2026-09-15T18:38:16+00:00
14,written,উদ্দীপকে গ্রাম থেকে আসা রোগীদের সমস্যা সমাধানে সমাজকর্মের কোন শাখা কাজ করতে পারে? ব্যাখ্যা কর।,"{""options"": [], ""images"": [], ""marker"": ""গ"", ""li_text"": ""(গ) উদ্দীপকে গ্রাম থেকে আসা রোগীদের সমস্যা সমাধানে সমাজকর্মের কোন শাখা কাজ করতে পারে? ব্যাখ্যা কর। ৩ Ans"", ""question_href"": ""https://sattacademy.com/question/%E0%A6%89%E0%A6%A6%E0%A7%8D%E0%A6%A6%E0%A7%80%E0%A6%AA%E0%A6%95%E0%A7%87-%E0%A6%97%E0%A7%8D%E0%A6%B0%E0%A6%BE%E0%A6%AE-%E0%A6%A5%E0%A7%87%E0%A6%95%E0%A7%87-%E0%A6%86%E0%A6%B8%E0%A6%BE-%E0%A6%B0%E0%A7%8B%E0%A6%97%E0%A7%80%E0%A6%A6%E0%A7%87%E0%A6%B0-%E0%A6%B8%E0%A6%AE%E0%A6%B8%E0%A7%8D%E0%A6%AF%E0%A6%BE-%E0%A6%B8%E0%A6%AE%E0%A6%BE%E0%A6%A7%E0%A6%BE%E0%A6%A8%E0%A7%87-%E0%A6%B8%E0%A6%AE%E0%A6%BE%E0%A6%9C%E0%A6%95%E0%A6%B0%E0%A7%8D%E0%A6%AE%E0%A7%87%E0%A6%B0-%E0%A6%95%E0%A7%8B%E0%A6%A8-%E0%A6%B6%E0%A6%BE%E0%A6%96%E0%A6%BE-%E0%A6%95%E0%A6%BE%E0%A6%9C-%E0%A6%95%E0%A6%B0%E0%A6%A4%E0%A7%87-%E0%A6%AA%E0%A6%BE%E0%A6%B0%E0%A7%87""}",,,https://sattacademy.com/board-exams/social-work-2nd-paper-hsc-combined-boardall-2026/mcq,https://sattacademy.com/board-exams/social-work-2nd-paper-hsc-combined-boardall-2026/written,sattacademy,2026-09-15T18:38:16+00:00
15,written,'X' সংগঠনের কাজ সমাজকর্মের কোন শাখার কাজের সাথে সাদৃশ্যপূর্ণ তা উল্লেখপূর্বক এর গুরুত্ব বিশ্লেষণ কর।,"{""options"": [], ""images"": [], ""marker"": ""ঘ"", ""li_text"": ""(ঘ) 'X' সংগঠনের কাজ সমাজকর্মের কোন শাখার কাজের সাথে সাদৃশ্যপূর্ণ তা উল্লেখপূর্বক এর গুরুত্ব বিশ্লেষণ কর। ৪ Ans"", ""question_href"": ""https://sattacademy.com/question/x-%E0%A6%B8%E0%A6%82%E0%A6%97%E0%A6%A0%E0%A6%A8%E0%A7%87%E0%A6%B0-%E0%A6%95%E0%A6%BE%E0%A6%9C-%E0%A6%B8%E0%A6%AE%E0%A6%BE%E0%A6%9C%E0%A6%95%E0%A6%B0%E0%A7%8D%E0%A6%AE%E0%A7%87%E0%A6%B0-%E0%A6%95%E0%A7%8B%E0%A6%A8-%E0%A6%B6%E0%A6%BE%E0%A6%96%E0%A6%BE%E0%A6%B0-%E0%A6%95%E0%A6%BE%E0%A6%9C%E0%A7%87%E0%A6%B0-%E0%A6%B8%E0%A6%BE%E0%A6%A5%E0%A7%87-%E0%A6%B8%E0%A6%BE%E0%A6%A6%E0%A7%83%E0%A6%B6%E0%A7%8D%E0%A6%AF%E0%A6%AA%E0%A7%82%E0%A6%B0%E0%A7%8D%E0%A6%A3-%E0%A6%A4%E0%A6%BE-%E0%A6%89%E0%A6%B2%E0%A7%8D%E0%A6%B2%E0%A7%87%E0%A6%96%E0%A6%AA%E0%A7%82%E0%A6%B0%E0%A7%8D%E0%A6%AC%E0%A6%95-%E0%A6%8F%E0%A6%B0-%E0%A6%97%E0%A7%81""}",,,https://sattacademy.com/board-exams/social-work-2nd-paper-hsc-combined-boardall-2026/mcq,https://sattacademy.com/board-exams/social-work-2nd-paper-hsc-combined-boardall-2026/written,sattacademy,2026-09-15T18:38:16+00:00
16,written,"'X' একটি সামাজিক সমস্যা। এটি বাংলাদেশের এক নম্বর সমস্যা। নারী শিক্ষা, নারী কর্মসংস্থান ও পরিবার পরিকল্পনা কর্মসূচি গ্রহণের মাধ্যমে এটি সমাধান করা যায়। 'Y' আরেকটি সামাজিক সমস্যা যা সঙ্গদোষ, হতাশা, বেকারত্ব ইত্যাদির কারণে হয়। আইন প্রণয়ন ও বাস্তবায়নের মাধ্যমে এটি সমাধান করা যায়।","{""options"": [], ""images"": [], ""marker"": ""৪"", ""li_text"": ""(৪) 'X' একটি সামাজিক সমস্যা। এটি বাংলাদেশের এক নম্বর সমস্যা। নারী শিক্ষা, নারী কর্মসংস্থান ও পরিবার পরিকল্পনা কর্মসূচি গ্রহণের মাধ্যমে এটি সমাধান করা যায়। 'Y' আরেকটি সামাজিক সমস্যা যা সঙ্গদোষ, হতাশা, বেকারত্ব ইত্যাদির কারণে হয়। আইন প্রণয়ন ও বাস্তবায়নের মাধ্যমে এটি সমাধান করা যায়। এইচএসসি সমাজকর্ম ২য় পত্র সমন্বিত বোর্ড (সকল) - 2026 0 22"", ""question_href"": ""https://sattacademy.com/question/x-%E0%A6%8F%E0%A6%95%E0%A6%9F%E0%A6%BF-%E0%A6%B8%E0%A6%BE%E0%A6%AE%E0%A6%BE%E0%A6%9C%E0%A6%BF%E0%A6%95-%E0%A6%B8%E0%A6%AE%E0%A6%B8%E0%A7%8D%E0%A6%AF%E0%A6%BE-%E0%A6%8F%E0%A6%9F%E0%A6%BF-%E0%A6%AC%E0%A6%BE%E0%A6%82%E0%A6%B2%E0%A6%BE%E0%A6%A6%E0%A7%87%E0%A6%B6%E0%A7%87%E0%A6%B0-%E0%A6%8F%E0%A6%95-%E0%A6%A8%E0%A6%AE%E0%A7%8D%E0%A6%AC%E0%A6%B0-%E0%A6%B8%E0%A6%AE%E0%A6%B8%E0%A7%8D%E0%A6%AF%E0%A6%BE-%E0%A6%A8%E0%A6%BE%E0%A6%B0%E0%A7%80-%E0%A6%B6%E0%A6%BF%E0%A6%95%E0%A7%8D%E0%A6%B7%E0%A6%BE-%E0%A6%A8%E0%A6%BE%E0%A6%B0%E0%A7%80-%E0%A6%95%E0%A6%B0%E0%A7%8D%E0%A6%AE%E0%A6%B8%E0%A6%82%E0%A6%B8%E0%A7%8D%E0%A6%A5%E0%A6%BE""}",,,https://sattacademy.com/board-exams/social-work-2nd-paper-hsc-combined-boardall-2026/mcq,https://sattacademy.com/board-exams/social-work-2nd-paper-hsc-combined-boardall-2026/written,sattacademy,2026-09-15T18:38:16+00:00
17,written,বেকারত্ব কী?,"{""options"": [], ""images"": [], ""marker"": ""ক"", ""li_text"": ""(ক) বেকারত্ব কী? ১ Ans"", ""question_href"": ""https://sattacademy.com/question/%E0%A6%AC%E0%A7%87%E0%A6%95%E0%A6%BE%E0%A6%B0%E0%A6%A4%E0%A7%8D%E0%A6%AC-%E0%A6%95%E0%A7%80-21258""}",,21258,https://sattacademy.com/board-exams/social-work-2nd-paper-hsc-combined-boardall-2026/mcq,https://sattacademy.com/board-exams/social-work-2nd-paper-hsc-combined-boardall-2026/written,sattacademy,2026-09-15T18:38:16+00:00
18,written,সামাজিক সমস্যার একটি কারণ ব্যাখ্যা কর।,"{""options"": [], ""images"": [], ""marker"": ""খ"", ""li_text"": ""(খ) সামাজিক সমস্যার একটি কারণ ব্যাখ্যা কর। ২ Ans"", ""question_href"": ""https://sattacademy.com/question/%E0%A6%B8%E0%A6%BE%E0%A6%AE%E0%A6%BE%E0%A6%9C%E0%A6%BF%E0%A6%95-%E0%A6%B8%E0%A6%AE%E0%A6%B8%E0%A7%8D%E0%A6%AF%E0%A6%BE%E0%A6%B0-%E0%A6%8F%E0%A6%95%E0%A6%9F%E0%A6%BF-%E0%A6%95%E0%A6%BE%E0%A6%B0%E0%A6%A3-%E0%A6%AC%E0%A7%8D%E0%A6%AF%E0%A6%BE%E0%A6%96%E0%A7%8D%E0%A6%AF%E0%A6%BE-%E0%A6%95%E0%A6%B0""}",,,https://sattacademy.com/board-exams/social-work-2nd-paper-hsc-combined-boardall-2026/mcq,https://sattacademy.com/board-exams/social-work-2nd-paper-hsc-combined-boardall-2026/written,sattacademy,2026-09-15T18:38:16+00:00
19,written,'X' দ্বারা কোন সামাজিক সমস্যাকে ইঙ্গিত করা হয়েছে? ব্যাখ্যা কর।,"{""options"": [], ""images"": [], ""marker"": ""গ"", ""li_text"": ""(গ) 'X' দ্বারা কোন সামাজিক সমস্যাকে ইঙ্গিত করা হয়েছে? ব্যাখ্যা কর। ৩ Ans"", ""question_href"": ""https://sattacademy.com/question/x-%E0%A6%A6%E0%A7%8D%E0%A6%AC%E0%A6%BE%E0%A6%B0%E0%A6%BE-%E0%A6%95%E0%A7%8B%E0%A6%A8-%E0%A6%B8%E0%A6%BE%E0%A6%AE%E0%A6%BE%E0%A6%9C%E0%A6%BF%E0%A6%95-%E0%A6%B8%E0%A6%AE%E0%A6%B8%E0%A7%8D%E0%A6%AF%E0%A6%BE%E0%A6%95%E0%A7%87-%E0%A6%87%E0%A6%99%E0%A7%8D%E0%A6%97%E0%A6%BF%E0%A6%A4-%E0%A6%95%E0%A6%B0%E0%A6%BE-%E0%A6%B9%E0%A7%9F%E0%A7%87%E0%A6%9B%E0%A7%87-%E0%A6%AC%E0%A7%8D%E0%A6%AF%E0%A6%BE%E0%A6%96%E0%A7%8D%E0%A6%AF%E0%A6%BE-%E0%A6%95%E0%A6%B0""}",,,https://sattacademy.com/board-exams/social-work-2nd-paper-hsc-combined-boardall-2026/mcq,https://sattacademy.com/board-exams/social-work-2nd-paper-hsc-combined-boardall-2026/written,sattacademy,2026-09-15T18:38:16+00:00
20,written,'Y' দ্বারা যে সামাজিক সমস্যাকে নির্দেশ করা হয়েছে তা চিহ্নিত করে এর প্রভাব বর্ণনা কর।,"{""options"": [], ""images"": [], ""marker"": ""ঘ"", ""li_text"": ""(ঘ) 'Y' দ্বারা যে সামাজিক সমস্যাকে নির্দেশ করা হয়েছে তা চিহ্নিত করে এর প্রভাব বর্ণনা কর। ৪ Ans"", ""question_href"": ""https://sattacademy.com/question/y-%E0%A6%A6%E0%A7%8D%E0%A6%AC%E0%A6%BE%E0%A6%B0%E0%A6%BE-%E0%A6%AF%E0%A7%87-%E0%A6%B8%E0%A6%BE%E0%A6%AE%E0%A6%BE%E0%A6%9C%E0%A6%BF%E0%A6%95-%E0%A6%B8%E0%A6%AE%E0%A6%B8%E0%A7%8D%E0%A6%AF%E0%A6%BE%E0%A6%95%E0%A7%87-%E0%A6%A8%E0%A6%BF%E0%A6%B0%E0%A7%8D%E0%A6%A6%E0%A7%87%E0%A6%B6-%E0%A6%95%E0%A6%B0%E0%A6%BE-%E0%A6%B9%E0%A7%9F%E0%A7%87%E0%A6%9B%E0%A7%87-%E0%A6%A4%E0%A6%BE-%E0%A6%9A%E0%A6%BF%E0%A6%B9%E0%A7%8D%E0%A6%A8%E0%A6%BF%E0%A6%A4-%E0%A6%95%E0%A6%B0%E0%A7%87-%E0%A6%8F%E0%A6%B0-%E0%A6%AA%E0%A7%8D%E0%A6%B0%E0%A6%AD%E0%A6%BE%E0%A6%AC-%E0%A6%AC%E0%A6%B0%E0%A7%8D%E0%A6%A3%E0%A6%A8%E0%A6%BE-%E0%A6%95""}",,,https://sattacademy.com/board-exams/social-work-2nd-paper-hsc-combined-boardall-2026/mcq,https://sattacademy.com/board-exams/social-work-2nd-paper-hsc-combined-boardall-2026/written,sattacademy,2026-09-15T18:38:16+00:00
21,written,"বাংলাদেশ একটি শান্তিপ্রিয় দেশ। জননিরাপত্তা নিশ্চিত করতে আইন-শৃঙ্খলা রক্ষা করা, অপরাধ দমন ও অপরাধীদের গ্রেপ্তার করা এবং যে কোনো জরুরি অবস্থায় সরকার ও জনগণকে সাহায্য করতে বাংলাদেশে একটি সামাজিক প্রতিষ্ঠান দিনরাত কাজ করে যাচ্ছে।","{""options"": [], ""images"": [], ""marker"": ""৫"", ""li_text"": ""(৫) বাংলাদেশ একটি শান্তিপ্রিয় দেশ। জননিরাপত্তা নিশ্চিত করতে আইন-শৃঙ্খলা রক্ষা করা, অপরাধ দমন ও অপরাধীদের গ্রেপ্তার করা এবং যে কোনো জরুরি অবস্থায় সরকার ও জনগণকে সাহায্য করতে বাংলাদেশে একটি সামাজিক প্রতিষ্ঠান দিনরাত কাজ করে যাচ্ছে। এইচএসসি সমাজকর্ম ২য় পত্র সমন্বিত বোর্ড (সকল) - 2026 0 19"", ""question_href"": ""https://sattacademy.com/question/%E0%A6%AC%E0%A6%BE%E0%A6%82%E0%A6%B2%E0%A6%BE%E0%A6%A6%E0%A7%87%E0%A6%B6-%E0%A6%8F%E0%A6%95%E0%A6%9F%E0%A6%BF-%E0%A6%B6%E0%A6%BE%E0%A6%A8%E0%A7%8D%E0%A6%A4%E0%A6%BF%E0%A6%AA%E0%A7%8D%E0%A6%B0%E0%A6%BF%E0%A7%9F-%E0%A6%A6%E0%A7%87%E0%A6%B6-%E0%A6%9C%E0%A6%A8%E0%A6%A8%E0%A6%BF%E0%A6%B0%E0%A6%BE%E0%A6%AA%E0%A6%A4%E0%A7%8D%E0%A6%A4%E0%A6%BE-%E0%A6%A8%E0%A6%BF%E0%A6%B6%E0%A7%8D%E0%A6%9A%E0%A6%BF%E0%A6%A4-%E0%A6%95%E0%A6%B0%E0%A6%A4%E0%A7%87-%E0%A6%86%E0%A6%87%E0%A6%A8%E0%A6%B6%E0%A7%83%E0%A6%99%E0%A7%8D%E0%A6%96%E0%A6%B2%E0%A6%BE-%E0%A6%B0%E0%A6%95%E0%A7%8D%E0%A6%B7%E0%A6%BE-%E0%A6%95%E0%A6%B0%E0%A6%BE-%E0%A6%85%E0%A6%AA%E0%A6%B0%E0%A6%BE""}",,,https://sattacademy.com/board-exams/social-work-2nd-paper-hsc-combined-boardall-2026/mcq,https://sattacademy.com/board-exams/social-work-2nd-paper-hsc-combined-boardall-2026/written,sattacademy,2026-09-15T18:38:16+00:00
22,written,ধর্ম কী?,"{""options"": [], ""images"": [], ""marker"": ""ক"", ""li_text"": ""(ক) ধর্ম কী? ১ Ans"", ""question_href"": ""https://sattacademy.com/question/%E0%A6%A7%E0%A6%B0%E0%A7%8D%E0%A6%AE-%E0%A6%95%E0%A7%80-47224""}",,47224,https://sattacademy.com/board-exams/social-work-2nd-paper-hsc-combined-boardall-2026/mcq,https://sattacademy.com/board-exams/social-work-2nd-paper-hsc-combined-boardall-2026/written,sattacademy,2026-09-15T18:38:16+00:00
23,written,গণমাধ্যমকে সমাজের দর্পণ বলা হয় কেন?,"{""options"": [], ""images"": [], ""marker"": ""খ"", ""li_text"": ""(খ) গণমাধ্যমকে সমাজের দর্পণ বলা হয় কেন? ২ Ans"", ""question_href"": ""https://sattacademy.com/question/%E0%A6%97%E0%A6%A3%E0%A6%AE%E0%A6%BE%E0%A6%A7%E0%A7%8D%E0%A6%AF%E0%A6%AE%E0%A6%95%E0%A7%87-%E0%A6%B8%E0%A6%AE%E0%A6%BE%E0%A6%9C%E0%A7%87%E0%A6%B0-%E0%A6%A6%E0%A6%B0%E0%A7%8D%E0%A6%AA%E0%A6%A3-%E0%A6%AC%E0%A6%B2%E0%A6%BE-%E0%A6%B9%E0%A7%9F-%E0%A6%95%E0%A7%87%E0%A6%A8""}",,,https://sattacademy.com/board-exams/social-work-2nd-paper-hsc-combined-boardall-2026/mcq,https://sattacademy.com/board-exams/social-work-2nd-paper-hsc-combined-boardall-2026/written,sattacademy,2026-09-15T18:38:16+00:00
24,written,উদ্দীপকে কোন সামাজিক প্রতিষ্ঠানের কথা বলা হয়েছে? ব্যাখ্যা কর।,"{""options"": [], ""images"": [], ""marker"": ""গ"", ""li_text"": ""(গ) উদ্দীপকে কোন সামাজিক প্রতিষ্ঠানের কথা বলা হয়েছে? ব্যাখ্যা কর। ৩ Ans"", ""question_href"": ""https://sattacademy.com/question/%E0%A6%89%E0%A6%A6%E0%A7%8D%E0%A6%A6%E0%A7%80%E0%A6%AA%E0%A6%95%E0%A7%87-%E0%A6%95%E0%A7%8B%E0%A6%A8-%E0%A6%B8%E0%A6%BE%E0%A6%AE%E0%A6%BE%E0%A6%9C%E0%A6%BF%E0%A6%95-%E0%A6%AA%E0%A7%8D%E0%A6%B0%E0%A6%A4%E0%A6%BF%E0%A6%B7%E0%A7%8D%E0%A6%A0%E0%A6%BE%E0%A6%A8%E0%A7%87%E0%A6%B0-%E0%A6%95%E0%A6%A5%E0%A6%BE-%E0%A6%AC%E0%A6%B2%E0%A6%BE-%E0%A6%B9%E0%A7%9F%E0%A7%87%E0%A6%9B%E0%A7%87-%E0%A6%AC%E0%A7%8D%E0%A6%AF%E0%A6%BE%E0%A6%96%E0%A7%8D%E0%A6%AF%E0%A6%BE-%E0%A6%95%E0%A6%B0""}",,,https://sattacademy.com/board-exams/social-work-2nd-paper-hsc-combined-boardall-2026/mcq,https://sattacademy.com/board-exams/social-work-2nd-paper-hsc-combined-boardall-2026/written,sattacademy,2026-09-15T18:38:16+00:00
25,written,সামাজিক সমস্যা নিরসনে উক্ত প্রতিষ্ঠানের ভূমিকা যথেষ্ট কিনা? উত্তরের সপক্ষে যুক্তি দাও।,"{""options"": [], ""images"": [], ""marker"": ""ঘ"", ""li_text"": ""(ঘ) সামাজিক সমস্যা নিরসনে উক্ত প্রতিষ্ঠানের ভূমিকা যথেষ্ট কিনা? উত্তরের সপক্ষে যুক্তি দাও। ৪ Ans"", ""question_href"": ""https://sattacademy.com/question/%E0%A6%B8%E0%A6%BE%E0%A6%AE%E0%A6%BE%E0%A6%9C%E0%A6%BF%E0%A6%95-%E0%A6%B8%E0%A6%AE%E0%A6%B8%E0%A7%8D%E0%A6%AF%E0%A6%BE-%E0%A6%A8%E0%A6%BF%E0%A6%B0%E0%A6%B8%E0%A6%A8%E0%A7%87-%E0%A6%89%E0%A6%95%E0%A7%8D%E0%A6%A4-%E0%A6%AA%E0%A7%8D%E0%A6%B0%E0%A6%A4%E0%A6%BF%E0%A6%B7%E0%A7%8D%E0%A6%A0%E0%A6%BE%E0%A6%A8%E0%A7%87%E0%A6%B0-%E0%A6%AD%E0%A7%82%E0%A6%AE%E0%A6%BF%E0%A6%95%E0%A6%BE-%E0%A6%AF%E0%A6%A5%E0%A7%87%E0%A6%B7%E0%A7%8D%E0%A6%9F-%E0%A6%95%E0%A6%BF%E0%A6%A8%E0%A6%BE-%E0%A6%89%E0%A6%A4%E0%A7%8D%E0%A6%A4%E0%A6%B0%E0%A7%87%E0%A6%B0-%E0%A6%B8%E0%A6%AA%E0%A6%95%E0%A7%8D%E0%A6%B7%E0%A7%87-%E0%A6%AF%E0%A7%81%E0%A6%95%E0%A7%8D%E0%A6%A4%E0%A6%BF""}",,,https://sattacademy.com/board-exams/social-work-2nd-paper-hsc-combined-boardall-2026/mcq,https://sattacademy.com/board-exams/social-work-2nd-paper-hsc-combined-boardall-2026/written,sattacademy,2026-09-15T18:38:16+00:00
26,written,"'X' কাপড়ের ব্যবসা করেন, তার বাবা ধর্মীয় বিধান মেনে বন্ধুর মেয়ের সাথে ' X' এর সংসার গড়ে তোলার সুযোগ করে দেন। ' X' এর বাবা অসৎ উপায়ে অর্থ উপার্জন করেন না, অপরের ক্ষতি সাধন থেকে বিরত থাকেন, সত্য কথা বলেন এবং সাধারণ জীবন যাপন করেন।","{""options"": [], ""images"": [], ""marker"": ""৬"", ""li_text"": ""(৬) 'X' কাপড়ের ব্যবসা করেন, তার বাবা ধর্মীয় বিধান মেনে বন্ধুর মেয়ের সাথে ' X' এর সংসার গড়ে তোলার সুযোগ করে দেন। ' X' এর বাবা অসৎ উপায়ে অর্থ উপার্জন করেন না, অপরের ক্ষতি সাধন থেকে বিরত থাকেন, সত্য কথা বলেন এবং সাধারণ জীবন যাপন করেন। এইচএসসি সমাজকর্ম ২য় পত্র সমন্বিত বোর্ড (সকল) - 2026 0 24"", ""question_href"": ""https://sattacademy.com/question/x-%E0%A6%95%E0%A6%BE%E0%A6%AA%E0%A7%9C%E0%A7%87%E0%A6%B0-%E0%A6%AC%E0%A7%8D%E0%A6%AF%E0%A6%AC%E0%A6%B8%E0%A6%BE-%E0%A6%95%E0%A6%B0%E0%A7%87%E0%A6%A8-%E0%A6%A4%E0%A6%BE%E0%A6%B0-%E0%A6%AC%E0%A6%BE%E0%A6%AC%E0%A6%BE-%E0%A6%A7%E0%A6%B0%E0%A7%8D%E0%A6%AE%E0%A7%80%E0%A7%9F-%E0%A6%AC%E0%A6%BF%E0%A6%A7%E0%A6%BE%E0%A6%A8-%E0%A6%AE%E0%A7%87%E0%A6%A8%E0%A7%87-%E0%A6%AC%E0%A6%A8%E0%A7%8D%E0%A6%A7%E0%A7%81%E0%A6%B0-%E0%A6%AE%E0%A7%87%E0%A7%9F%E0%A7%87%E0%A6%B0-%E0%A6%B8%E0%A6%BE%E0%A6%A5%E0%A7%87-x-%E0%A6%8F%E0%A6%B0-%E0%A6%B8%E0%A6%82%E0%A6%B8%E0%A6%BE%E0%A6%B0-%E0%A6%97%E0%A7%9C%E0%A7%87""}",,,https://sattacademy.com/board-exams/social-work-2nd-paper-hsc-combined-boardall-2026/mcq,https://sattacademy.com/board-exams/social-work-2nd-paper-hsc-combined-boardall-2026/written,sattacademy,2026-09-15T18:38:16+00:00
27,written,পরিবার কী?,"{""options"": [], ""images"": [], ""marker"": ""ক"", ""li_text"": ""(ক) পরিবার কী? ১ Ans"", ""question_href"": ""https://sattacademy.com/question/%E0%A6%AA%E0%A6%B0%E0%A6%BF%E0%A6%AC%E0%A6%BE%E0%A6%B0-%E0%A6%95%E0%A7%80-30871""}",,30871,https://sattacademy.com/board-exams/social-work-2nd-paper-hsc-combined-boardall-2026/mcq,https://sattacademy.com/board-exams/social-work-2nd-paper-hsc-combined-boardall-2026/written,sattacademy,2026-09-15T18:38:16+00:00
28,written,গণমাধ্যম এর একটি উদ্দেশ্য ব্যাখ্যা কর।,"{""options"": [], ""images"": [], ""marker"": ""খ"", ""li_text"": ""(খ) গণমাধ্যম এর একটি উদ্দেশ্য ব্যাখ্যা কর। ২ Ans"", ""question_href"": ""https://sattacademy.com/question/%E0%A6%97%E0%A6%A3%E0%A6%AE%E0%A6%BE%E0%A6%A7%E0%A7%8D%E0%A6%AF%E0%A6%AE-%E0%A6%8F%E0%A6%B0-%E0%A6%8F%E0%A6%95%E0%A6%9F%E0%A6%BF-%E0%A6%89%E0%A6%A6%E0%A7%8D%E0%A6%A6%E0%A7%87%E0%A6%B6%E0%A7%8D%E0%A6%AF-%E0%A6%AC%E0%A7%8D%E0%A6%AF%E0%A6%BE%E0%A6%96%E0%A7%8D%E0%A6%AF%E0%A6%BE-%E0%A6%95%E0%A6%B0""}",,,https://sattacademy.com/board-exams/social-work-2nd-paper-hsc-combined-boardall-2026/mcq,https://sattacademy.com/board-exams/social-work-2nd-paper-hsc-combined-boardall-2026/written,sattacademy,2026-09-15T18:38:16+00:00
29,written,'X' এর সংসার গড়ে তোলা কোন সামাজিক প্রতিষ্ঠানকে নির্দেশ করে? ব্যাখ্যা কর।,"{""options"": [], ""images"": [], ""marker"": ""গ"", ""li_text"": ""(গ) 'X' এর সংসার গড়ে তোলা কোন সামাজিক প্রতিষ্ঠানকে নির্দেশ করে? ব্যাখ্যা কর। ৩ Ans"", ""question_href"": ""https://sattacademy.com/question/x-%E0%A6%8F%E0%A6%B0-%E0%A6%B8%E0%A6%82%E0%A6%B8%E0%A6%BE%E0%A6%B0-%E0%A6%97%E0%A7%9C%E0%A7%87-%E0%A6%A4%E0%A7%8B%E0%A6%B2%E0%A6%BE-%E0%A6%95%E0%A7%8B%E0%A6%A8-%E0%A6%B8%E0%A6%BE%E0%A6%AE%E0%A6%BE%E0%A6%9C%E0%A6%BF%E0%A6%95-%E0%A6%AA%E0%A7%8D%E0%A6%B0%E0%A6%A4%E0%A6%BF%E0%A6%B7%E0%A7%8D%E0%A6%A0%E0%A6%BE%E0%A6%A8%E0%A6%95%E0%A7%87-%E0%A6%A8%E0%A6%BF%E0%A6%B0%E0%A7%8D%E0%A6%A6%E0%A7%87%E0%A6%B6-%E0%A6%95%E0%A6%B0%E0%A7%87-%E0%A6%AC%E0%A7%8D%E0%A6%AF%E0%A6%BE%E0%A6%96%E0%A7%8D%E0%A6%AF%E0%A6%BE-%E0%A6%95%E0%A6%B0""}",,,https://sattacademy.com/board-exams/social-work-2nd-paper-hsc-combined-boardall-2026/mcq,https://sattacademy.com/board-exams/social-work-2nd-paper-hsc-combined-boardall-2026/written,sattacademy,2026-09-15T18:38:16+00:00
30,written,'X' এর বাবা কোন সামাজিক প্রতিষ্ঠানকে অনুসরণ করেন? ব্যাখ্যা কর।,"{""options"": [], ""images"": [], ""marker"": ""ঘ"", ""li_text"": ""(ঘ) 'X' এর বাবা কোন সামাজিক প্রতিষ্ঠানকে অনুসরণ করেন? ব্যাখ্যা কর। ৪ Ans"", ""question_href"": ""https://sattacademy.com/question/x-%E0%A6%8F%E0%A6%B0-%E0%A6%AC%E0%A6%BE%E0%A6%AC%E0%A6%BE-%E0%A6%95%E0%A7%8B%E0%A6%A8-%E0%A6%B8%E0%A6%BE%E0%A6%AE%E0%A6%BE%E0%A6%9C%E0%A6%BF%E0%A6%95-%E0%A6%AA%E0%A7%8D%E0%A6%B0%E0%A6%A4%E0%A6%BF%E0%A6%B7%E0%A7%8D%E0%A6%A0%E0%A6%BE%E0%A6%A8%E0%A6%95%E0%A7%87-%E0%A6%85%E0%A6%A8%E0%A7%81%E0%A6%B8%E0%A6%B0%E0%A6%A3-%E0%A6%95%E0%A6%B0%E0%A7%87%E0%A6%A8-%E0%A6%AC%E0%A7%8D%E0%A6%AF%E0%A6%BE%E0%A6%96%E0%A7%8D%E0%A6%AF%E0%A6%BE-%E0%A6%95%E0%A6%B0""}",,,https://sattacademy.com/board-exams/social-work-2nd-paper-hsc-combined-boardall-2026/mcq,https://sattacademy.com/board-exams/social-work-2nd-paper-hsc-combined-boardall-2026/written,sattacademy,2026-09-15T18:38:16+00:00
